{
    "rlimit": {
        "data": -1,
        "stack": -1
    },
    "CompileStrategy": "fullobj",
    "MlibObjs": {},
    "perf": [
        {
            "stat": [
                "main",
                "entry",
                0.016568899154663086,
                0.020983000000000002,
                0.033574,
                211360,
                211360,
                0.0,
                0.0,
                1666418001.540519,
                6369754076237
            ],
            "sub": [
                {
                    "stat": [
                        "doParsingAndDesignResolution",
                        "entry",
                        0.028674840927124023,
                        0.022712,
                        0.042062000000000002,
                        267244,
                        268044,
                        0.0,
                        0.0,
                        1666418001.5526249,
                        6369778293955
                    ],
                    "sub": []
                },
                {
                    "stat": [
                        "doParsingAndDesignResolution",
                        "exit",
                        1.5298268795013428,
                        1.6557650000000002,
                        0.074729000000000004,
                        317344,
                        317992,
                        0.0,
                        0.0,
                        1666418003.053777,
                        6372780596746
                    ],
                    "sub": []
                },
                {
                    "stat": [
                        "doPostDesignResolutionToVir2Vcs",
                        "entry",
                        1.5653579235076904,
                        1.690212,
                        0.075171000000000002,
                        317344,
                        317992,
                        0.0,
                        0.0046410000000000002,
                        1666418003.089308,
                        6372851651429
                    ],
                    "sub": [
                        {
                            "stat": [
                                "doUptoVir2VcsNoSepCleanup",
                                "entry",
                                2.2847228050231934,
                                2.4873289999999999,
                                0.077317999999999998,
                                318696,
                                318700,
                                0.0,
                                0.0046410000000000002,
                                1666418003.8086729,
                                6374290391891
                            ],
                            "sub": []
                        },
                        {
                            "stat": [
                                "doUptoVir2VcsNoSepCleanup",
                                "exit",
                                4.5709547996520996,
                                4.988537,
                                0.115284,
                                328504,
                                343948,
                                0.0,
                                0.0046410000000000002,
                                1666418006.0949049,
                                6378862857204
                            ],
                            "sub": []
                        },
                        {
                            "stat": [
                                "doRadify_vir2vcsAll",
                                "entry",
                                4.5710380077362061,
                                4.9886280000000003,
                                0.115286,
                                328504,
                                343948,
                                0.0,
                                0.0046410000000000002,
                                1666418006.0949881,
                                6378862970803
                            ],
                            "sub": []
                        },
                        {
                            "stat": [
                                "doRadify_vir2vcsAll",
                                "exit",
                                4.7957959175109863,
                                5.2307119999999996,
                                0.122923,
                                352652,
                                352652,
                                0.0,
                                0.0046410000000000002,
                                1666418006.319746,
                                6379312615746
                            ],
                            "sub": []
                        }
                    ]
                },
                {
                    "stat": [
                        "doPostDesignResolutionToVir2Vcs",
                        "exit",
                        4.7958879470825195,
                        5.2308130000000004,
                        0.12292500000000001,
                        352652,
                        352652,
                        0.0,
                        0.0046410000000000002,
                        1666418006.319838,
                        6379312672533
                    ],
                    "sub": []
                },
                {
                    "stat": [
                        "doGAToPass2",
                        "entry",
                        4.7959158420562744,
                        5.2308450000000004,
                        0.12292599999999999,
                        352652,
                        352652,
                        0.0,
                        0.0046410000000000002,
                        1666418006.3198659,
                        6379312725136
                    ],
                    "sub": [
                        {
                            "stat": [
                                "DoPass2",
                                "entry",
                                4.8364768028259277,
                                5.245717,
                                0.12755,
                                343824,
                                352652,
                                0.016285000000000001,
                                0.014661,
                                1666418006.3604269,
                                6379393925440
                            ],
                            "sub": []
                        },
                        {
                            "stat": [
                                "DoPass2",
                                "exit",
                                7.8300409317016602,
                                8.4397110000000009,
                                0.25403300000000001,
                                350884,
                                352652,
                                0.018985999999999999,
                                0.016011000000000001,
                                1666418009.353991,
                                6385381011068
                            ],
                            "sub": []
                        }
                    ]
                },
                {
                    "stat": [
                        "doGAToPass2",
                        "exit",
                        7.8382878303527832,
                        8.4434199999999997,
                        0.25945699999999999,
                        350884,
                        352652,
                        0.018985999999999999,
                        0.016011000000000001,
                        1666418009.3622379,
                        6385397585981
                    ],